Project Management,Meeting Roles,Meeting Processes,Strategy and Planning,Communication,Leadership and Culture,Finance Industry Terms,Technology Industry Terms
milestone  ,facilitator  ,action plan  ,paradigm shift  ,active listening  ,cultural competence  ,capital structure  ,api (application programming interface)  
deliverable  ,stakeholder  ,consensus building  ,strategic alignment  ,message,vision,asset,it infrastructure  
feasibility study  ,subject matter expert (sme)  ,feedback loop  ,business continuity  ,feedback,strategy,liability,protocol  
risk management  ,executive sponsor  ,post-mortem analysis  ,market penetration  ,dialogue,inspiration,equity,cybersecurity framework  
gantt chart  ,decision maker  ,root cause analysis  ,business model innovation  ,interaction,motivation,revenue,virtualization  
change request  ,note taker  ,risk assessment  ,go-to-market strategy  ,conversation,influence,expense,devops  
scope creep  ,coordinator  ,milestone review  ,long-term vision  ,exchange,decision-making,profit,data governance  
project charter  ,lead organizer  ,stakeholder engagement  ,contingency planning  ,correspondence,empowerment,loss,internet of things (iot)  
burnout analysis  ,project manager  ,agenda setting  ,execution tactics  ,email,communication,cash flow,blockchain solutions  
stakeholder mapping  ,resource person  ,decision matrix  ,stakeholder consensus  ,call,collaboration,balance sheet,network security  
task delegation  ,client representative  ,time allocation  ,economic impact assessment  ,video,integrity,income statement,software development life cycle (sdlc)  
performance review  ,active participant  ,conflict resolution  ,competitive positioning  ,meeting,accountability,net worth,user experience (ux)  
work breakdown structure (wbs)  ,observer  ,evaluation  ,synergy  ,text,adaptability,return on investment (roi),digital marketing automation  
critical path method (cpm)  ,advisor  ,brainstorm session follow-up  ,key performance indicators (kpis)  ,social,resilience,interest rate,cryptography  
agile release planning  ,mentor  ,resource allocation  ,blue ocean strategy  ,presentation,servant,dividend,augmented reality (ar)  
escalation  ,trainer  ,prioritization  ,brand positioning  ,report,transformational,stock,behavioral targeting  
timeboxing  ,moderator  ,swot analysis  ,customer segmentation  ,speech,situational,bond,mobile app development  
iteration  ,liaison  ,scenario planning  ,product lifecycle management  ,discussion,charismatic,capital,video conferencing technology  
resource management  ,consultant  ,pacing meeting  ,market analysis  ,argument,mentorship,investment,platform-as-a-service (paas)  
kanban  ,committee member  ,reflection time  ,feasibility assessment  ,explanation,coaching,hedge,e-commerce solutions  
scrum master  ,analyst  ,wrap-up  ,vision,question,values,portfolio,content delivery network (cdn)
agenda,facilitator,planning,mission,answer,norms,risk,standard
action item,chairperson,scheduling,goals,body,beliefs,yield,guidelines
stakeholders,note-taker,preparation,objectives,gestures,behaviors,market,rules
milestones,timekeeper,facilitation,strategy,facial,traditions,liquidity,procedures
deliverables,attendee,note-taking,tactics,eye,diversity,valuation,compliance
synergy,presenter,timekeeping,milestones,posture,inclusion,merger,implementation
benchmarking,observer,discussion,kpis (key performance indicators),tone,engagement,acquisition,communication
kpis (key performance indicators),stakeholder,decision-making,metrics,memo,innovation,bankruptcy,network
roi (return on investment),coordinator,action,"swot (strengths, weaknesses, opportunities, threats)",briefing,teamwork,credit,security
sustainability,project manager,follow-up,"pest (political, economic, social, technological)",pitch,trust,debt,encryption
collaboration,scrum master,evaluation,benchmarking,proposal,respect,derivative,authentication
innovation,team leader,Agenda,gap analysis,negotiation,open,hedge fund,handshake
feedback,Stratification,Adjudicate,competitor analysis,networking,work-life,mutual fund,http (hypertext transfer protocol)
roadmap,Restructuring,Allocate,market analysis,announcement,employee,exchange-traded fund (etf),ftp (file transfer protocol)
leverage,Bilateral,Amendments,Yield management,active,climate,initial public offering (ipo),tcp/ip (transmission control protocol/internet protocol)
scalability,Coalesce,Consensus,Anticipatory,clarity,alignment,forex (foreign exchange),ip (internet protocol)
onboarding,Cogent,Consolidate,Bifurcation,conciseness,change,inflation,smtp (simple mail transfer protocol)
touchpoint,Conundrum,Contingency,Blueprint,empathy,Abnegation,deflation,ssl/tls (secure sockets layer/transport layer security)
best practices,Dichotomy,Delegate,Calibration,persuasion,Acumen,recession,dns (domain name system)
alignment,Disparate,Deliberation,Cohesion,articulation,Advocacy,gross domestic product (gdp),api (application programming interface)
revenue streams,Empirical,Derivative,Conundrum,public,Altruism,fiscal policy,software 
value proposition,Epistemology,Dissent,Contingency,broadcast,Ambivalence,monetary policy,software engineer
metrics,Ethereal,Discourse,Coordination,publication,Anachronism,Abatement,Algorithm
strategic planning,Extrapolate,Facilitator,Craftsmanship,newsletter,Archetype,Amortization,API (Application Programming Interface)
risk management,Hegemony,Fiduciary,Decentralization,webinar,Autonomy,Arbitrage,Bandwidth
core competencies,Hubris,Follow-up,Deferment,podcast,Benevolence,Asset allocation,Blockchain
performance review,Implicit,Forum,Delineation,blog,Charisma,Bear market,Botnet
engagement,Inchoate,Grapevine,Derivative,empathy,Civility,Bid-ask spread,Cache
optimization,Ineffable,Harmonize,Diagnostics,trust,Cohesiveness,Blue chip,Cloud computing
growth strategy,Insidious,Impasse,Disaggregate,understanding,Collaboration,Capital gain,Cryptography
Stakeholder,Introspection,Incentivize,Diversification,respect,Commensurate,Capitalization,Cybersecurity
Scope Creep,Juxtaposition,Induction,Efficacy,support,Competence,Collateral,Data mining
 Deliverable,Languid,Initiative,Endgame,Abstruse,Consensus,Compound interest,Data breach
Methodology,Paradigm,Interlocutor,Entropy,Ambiguity,Conducive,Contango,Data lake
Gantt Chart,Paradox,Liaison,Equilibrium,Anachronism,Conscientiousness,Credit default swap,Database
 Milestone,Pedantic,Mandate,Feasibility,Antipathy,Convergence,Debenture,Deep learning
KPI (Key Performance Indicator),Permeate,Meeting minutes,Formulative,Articulation,Credibility,Derivative,Decryption
Risk Mitigation,Postulate,Negotiation,Framework,Assertion,Cultural competency,Diversification,DevOps
 Agile,Pragmatic,Obfuscate,Fulcrum,Attenuate,Culture shock,Dividend,Digital footprint
Resource Allocation,Quintessential,Objective,Facilitation,Chiasmus,Decentralization,Dollar-cost averaging,DNS (Domain Name System)
Baseline,Redundant,Paradigm shift,Granularity,Clarity,Deficiency,Due diligence,Encryption
Work Breakdown Structure (WBS),Reiterate,Participation,Heuristic,Cohesion,Delegation,Emissions trading,Endpoint
Change Management,Resilience,Persuasion,Ideation,Colloquialism,Demographics,Equity-financing,Firewall
Critical Path,Synthesis,Positional,Implementation,Connotation,Despotism,Escrow,Frontend
Scrum,Transcend,Proponent,Imperative,Convergence,Diversity,Fiduciary,Firmware
Forecasting,Unequivocal,Quorum,Incremental,Conveyance,Empathy,Fixed income,Git
Dependencies,Ubiquitous,Reconvene,Inference,Covert,Empowerment,Forex (foreign exchange),GUI (Graphical User Interface)
Burn Rate,Vicarious,Refute,Initiation,Delineation,Enfranchisement,Futures contract,Hashing
Status Report,Alacrity,Resolution,Integration,Dialectical,Epistemology,GAAP (Generally Accepted Accounting Principles),Hypertext
Cost-Benefit Analysis,Concur,Rhetoric,Interdependence,Dissonance,Ethics,Hedging,IoT (Internet of Things)
,Equanimity,Salient,Iteration,Eloquence,Facilitation,Illiquid,IPv6 (Internet Protocol version 6)
,Fluctuate,Stakeholder,Key performance indicators (KPIs),Emphasis,Futurism,Index fund,Kernel
,Nomenclature,Synergy,Lateral thinking,Empathy,Gratitude,Insolvency,Latency
,Omnipotent,Tabling,Legitimacy,Enunciation,Hegemony,Interest rate swap,Machine learning
,Palliate,Thesaurus,Leverage,Epistolary,Hierarchical,Investment grade,Metadata
,Proliferate,Transformation,Methodology,Equivocation,Holistic,Leverage,Microservices
,Redress,Agenda-setting,Milestone,Gesticulating,Inclusivity,Liquidity,Middleware
,Repercussion,Bifurcation,Modulation,Idiomatic,Individualism,Marginal cost,Network topology
,Salient,Coalesce,Paradigm,Implicit,Innovation,Maturity,Node
,Speculation,Conciliation,Planning horizon,Innuendo,Integration,Net asset value (NAV),Open-source
,Substantiate,Confluence,Polarity,Intricate,Integrity,Offshoring,Overflow
,Surreptitious,Conjecture,Potentiality,Intonation,Interdependence,Portfolio,Payload
,Taciturn,Counterproposal,Precedent,Lexicon,Intersectionality,Predatory lending,Phishing
,Tenacity,Deferment,Preemption,Litotes,Introspection,Private equity,Prototype
,Untenable,Disparity,Prioritization,Linguistics,Leadership,Profit margin,Quantum computing
,Vacillate,Enfranchise,Proactive,Metaphor,Legitimacy,Quantitative easing,Responsive design
,Vicissitude,Extrapolate,Prognosis,Mood,Liminality,Recapitalization,SaaS (Software as a Service)
,Volatile,Facilitation,Proliferation,Nonverbal,Mindfulness,Risk tolerance,Scalability
,Abstinence,Feasibility,Quadrant,Nuance,Narratives,ROE (Return on Equity),SDK (Software Development Kit)
,Bifurcation,Inclusivity,Quantitative,Obfuscation,Neuroplasticity,ROI (Return on Investment),SEO (Search Engine Optimization)
,Cacophony,Informed consent,Realignment,Palpable,Normative,Securities,Simulations
,Dissonance,Insinuate,Reallocation,Paradox,Organizational culture,Short selling,Single sign-on (SSO)
,Enigmatic,Iteration,Reassessment,Paralinguistic,Paradox,Securitization,SQL (Structured Query Language)
,Exegesis,Legitimacy,Resilience,Persuasion,Participatory,Settlement,UI (User Interface)
,Galvanize,Mandatorily,Retrospective,Pragmatics,Pathos,Stabilization,UX (User Experience)
,Heterogeneous,Negotiable,Roadmap,Prolixity,Perception,Subprime mortgage,Virtualization
,Inequity,Objective criteria,Scalability,Rhetoric,Pragmatism,Tangible assets,Vulnerability
,Intermittent,Oversight,Scenario planning,Sarcasm,Precedent,Tax avoidance,WAN (Wide Area Network)
,Nihilism,Paradigmatic,Stakeholder analysis,Semantics,Redemption,Term sheet,Wi-Fi
,Obfuscation,Pertinent,Stratagem,Sibilance,Resilience,Underwriting,Algorithms
,Perspicacious,Proactive,Strategic alignment,Signification,Retroactive,Volatility,Analytics
,Rhetoric,Provisional,Tactical,Syntax,Reverberation,Yield curve,Augmented reality
,Synthesis,Rationalization,Tangential,Tautology,Self-efficacy,Zero-coupon bond,Big data
,Transitory,Reconciliation,Synergistic,Telepathy,Situational awareness,Accretion,Biometrics
,Vitriolic,Representation,Synthesis,Tone,Stakeholder,CDO (Collateralized Debt Obligation),Chatbot
,Zeitgeist,Retrospective,Theoretical,Transference,Strategic vision,CFTC (Commodity Futures Trading Commission),Cloud storage
,Amalgamation,Requisite,Threshold,Validity,Succession,"EBITDA (Earnings Before Interest, Taxes, Depreciation, and Amortization)",Containerization
,Cataclysm,Scrutiny,Transition,Verbosity,Synergy,FICO score,Debugging
,Dichotomous,Stratagem,Transparency,Vicarious,Teleological,"FIFO (First In, First Out)",DFIR (Digital Forensics and Incident Response)
,Ephemeral,Substantive,Triggers,Adroit,Transformative,GARP (Growth at a Reasonable Price),Edge computing
,Extrapolation,Synergistic,Ubiquity,Allegorical,Trustworthiness,KPI (Key Performance Indicator),Encryption key
,Parity,Tangential,Unilateral,Amplification,Unconscious bias,LIBOR (London Interbank Offered Rate),Google Algorithm
,Platonic,Transparency,Utilization,Attenuation,Utilitarianism,LTV (Loan-to-Value),Hybrid cloud
,Semantics,Unanimity,Validation,Conjugation,Valence,MACD (Moving Average Convergence Divergence),Ideation
,Surrogate,Utilitarian,Variance,Convergence,Values-based,NPV (Net Present Value),Internet protocol
,Transcendental,Validity,Visioning,Derivative,Visionary,OFAC (Office of Foreign Assets Control),KPI (Key Performance Indicator)
,Verisimilitude,Veracity,Workflow,Dialect,Volition,PE ratio (Price-to-Earnings Ratio),Load balancing
,Anachronism,Vestige,Abstruse,Dichotomy,Warrior ethos,Restructuring,Neural network
,Conflation,Visionary,Crucible,Discourse,Well-being,ROA (Return on Assets),Parallel computing
,Connotation,Volition,Derivative,Elucidate,Wisdom,S&P 500,RAM (Random Access Memory)
,Dichotomize,Ad hoc,Ephemeral,Ephemera,Zenith,SWIFT code,SDK (Software Development Kit)
,Ethnocentrism,Aggregate,Goal-setting,Euphemism,Transcendence,Tobin tax,Turing test
,Holistic,Ameliorate,Insightfulness,Hyperbole,Aesthetics,WACC (Weighted Average Cost of Capital),UI/UX design
,Infallible,Conjectural,Integration,Juxtaposition,Affective,Yield spread,Virtual Reality
,Juxtaposed,Divergence,Methodical,Liminal,Co-creation,Accredited investor,WebAssembly
,Latent,Monologue,Navigational,Metaphorical,Cognition,Behavioral finance,White-hat hacker
,Mitigate,Paradigmatic,Operationalization,Monologue,Confluence,Cost of capital,XSS (Cross-Site Scripting)
,Onus,Protocol,Qualitative,Oxymoron,Dissonance,Financial leverage,YAML (YAML Ain't Markup Language)
,Paradigmatic,Reflexivity,Reconfiguration,Pragmatic,Empathic,General ledger,Agile methodology
,Quantitative,Semantics,Reengineering,Propositions,Intentionality,Market capitalization,Autonomous systems
,,Synthesis,Segmentation,Rhetorical,Interpersonal,Non-performing asset,Biosensors
,,,Sustainability,Soliloquy,Partisanship,Operating cash flow,Cybernetic
,,,Visionary,Subtext,Symbolism,Passive investment,Decentralized
,,,,Taciturn,Theories of change,Quantitative finance,Digital twins
,,,,Transcription,Traditionalism,Risk-adjusted return,E-commerce
,,,,Underscore,Dialectics,Senior debt,Firmware
,,,,Conversational,Utopian,Shareholder equity,Internet of Everything (IoE)
,,,,Exegesis,,Structured product,Natural Language Processing (NLP)
,,,,Hypernyms,,Total return,Penetration testing
,,,,Irony,,Value-at-risk (VaR),Quantum algorithms
,,,,Polysemy,,Whistleblower,Synthesizer
,,,,Redundancy,,Working capital,3D printing
,,,,Syllogism,,,
,,,,Synecdoche,,,
,,,,Thesaurus,,,
,,,,Transmutation,,,
,,,,Vehemence,,,
,,,,Veracity,,,
,,,,Visceral,,,
,,,,Axiomatic,,,
,,,,Verbalism,,,
,,,,Gastroesophageal,,,
